ddr,dp,cr
0.05,0.0,0.0
0.1,1.0,0.8620931133107804
0.15,1.0,0.8481770165487241
0.2,1.0,0.8049790596066341
0.25,1.0,0.7956218959673981
